transcript_id	gene_id	region	length	gc_content	frac_A	frac_C	frac_G	frac_U	frac_other	gc_skew	at_skew	purine_ratio	amino_ratio
ENST00000335295.4	ENSG00000244734	3UTR	134	0.3805970149253731	0.26119402985074625	0.208955223880597	0.17164179104477612	0.3582089552238806	0.0	-0.09803921568627451	-0.1566265060240964	0.43283582089552236	0.4701492537313433
ENST00000335295.4	ENSG00000244734	5UTR	50	0.44	0.32	0.32	0.12	0.24	0.0	-0.45454545454545453	0.14285714285714285	0.44	0.64
ENST00000335295.4	ENSG00000244734	CDS	444	0.5608108108108109	0.1981981981981982	0.2545045045045045	0.3063063063063063	0.240990990990991	0.0	0.09236947791164658	-0.09743589743589744	0.5045045045045045	0.4527027027027027
ENST00000335295.4	ENSG00000244734	mRNA	628	0.5127388535031847	0.2213375796178344	0.25	0.2627388535031847	0.2659235668789809	0.0	0.024844720496894408	-0.0915032679738562	0.4840764331210191	0.4713375796178344
ENST00000335295.4	ENSG00000244734	start_codon_region	63	0.5079365079365079	0.2698412698412698	0.2857142857142857	0.2222222222222222	0.2222222222222222	0.0	-0.125	0.0967741935483871	0.49206349206349204	0.5555555555555556
ENST00000335295.4	ENSG00000244734	stop_codon_region	63	0.4603174603174603	0.20634920634920634	0.2857142857142857	0.1746031746031746	0.3333333333333333	0.0	-0.2413793103448276	-0.23529411764705882	0.38095238095238093	0.49206349206349204
ENST00000335295.4	ENSG00000244734	tail_region	100	0.37	0.29	0.2	0.17	0.34	0.0	-0.08108108108108109	-0.07936507936507936	0.46	0.49
