transcript_id	gene_id	region	sequence_length	stopfree_length	stopfree_fraction	direction	frame	stopfree_start	stopfree_end	source_start	source_end	n_full_codons_scanned	n_stop_codons
ENST00000335295.4	ENSG00000244734	3UTR	134	75	0.5597014925373134	forward	2	32	106	32	106	132	7
ENST00000335295.4	ENSG00000244734	5UTR	50	50	1.0	forward	1	1	50	1	50	48	2
ENST00000335295.4	ENSG00000244734	CDS	444	441	0.9932432432432432	forward	1	1	441	1	441	442	17
ENST00000335295.4	ENSG00000244734	mRNA	628	459	0.7308917197452229	forward	3	33	491	33	491	626	26
ENST00000335295.4	ENSG00000244734	start_codon_region	63	51	0.8095238095238095	forward	1	13	63	13	63	61	3
ENST00000335295.4	ENSG00000244734	stop_codon_region	63	62	0.9841269841269841	forward	2	2	63	2	63	61	2
ENST00000335295.4	ENSG00000244734	tail_region	100	72	0.72	forward	1	1	72	1	72	98	6
